{
  "description": "Sample 01"
  ,"elected": ["A", "B", "E"]
  ,"status": [
    ["A", "elected", 1, 15.0, 0.556687034],
    ["B", "elected", 2, 11.999999995, 0.646687698],
    ["E", "elected", 4, 10.096395468, 1.0],
    ["D", "defeated", 4, 9.662674708, 1.0],
    ["C", "defeated", 3, 3.999999987, 0.0]
  ]
  ,"tally": {
    "A": [15.0, 10.000000005, 10.000000005, 10.120464912],
    "B": [7.0, 11.999999995, 10.000000008, 10.120464912],
    "E": [9.0, 9.0, 9.0, 10.096395468],
    "D": [7.0, 7.0, 7.0, 9.662674708],
    "C": [2.0, 2.0, 3.999999987],
    ":Votes for candidates": [40.0, 40.0, 40.0, 40.0],
    ":Overvotes": [0.0, 0.0, 0.0, 0.0],
    ":Abstentions": [0.0, 0.0, 0.0, 0.0],
    ":Other exhausted": [0.0, 0.0, 0.0, 0.0],
    ":Total votes": [40.0, 40.0, 40.0, 40.0],
    ":Quota": [10.000000001, 10.000000001, 10.000000001, 10.000000001],
    ":Total surplus": [4.999999999, 1.999999998, 1.1e-8, 0.337325289],
    ":Iterations": [1, 2, 2, 4]
  }
}
